<?xml version="1.0" encoding="UTF-8"?>
<project-private xmlns="http://www.netbeans.org/ns/project-private/1">
    <editor-bookmarks xmlns="http://www.netbeans.org/ns/editor-bookmarks/2" lastBookmarkId="0"/>
    <open-files xmlns="http://www.netbeans.org/ns/projectui-open-files/2">
        <group>
            <file>file:/C:/Users/uzuma/Documents/Programming%20principles%202%20assignment%201/hotelCode2/src/hotelcode2/HotelCode2.java</file>
            <file>file:/C:/Users/uzuma/Documents/Programming%20principles%202%20assignment%201/hotelCode2/src/hotelcode2/Room.java</file>
        </group>
    </open-files>
</project-private>
